Country/Region,Confirmed Cases,Cases 5 Days Ago,% Increase in 5 Days,Acceleration of Last 5 Days,Recovered Cases,Active Cases,Deaths,Death Rate,population
World,5.17352538e8,5.15590605e8,0.34,-0.02,0.0,5.11101173e8,6.251365e6,1.21,7.794798729e9
OECD,3.07932329e8,3.06547258e8,0.45,-0.03,0.0,3.05186079e8,2.74625e6,0.89,1.316608199e9
UN: Western Europe and Others (+ US),2.55309842e8,2.54196083e8,0.44,-0.03,0.0,2.53244322e8,2.06552e6,0.81,9.19754175e8
Europe,2.12939054e8,2.1209841e8,0.4,-0.03,0.0,2.1103839e8,1.900664e6,0.89,8.69103036e8
Asia,1.62712984e8,1.62295475e8,0.26,-0.0,0.0,1.60975031e8,1.737953e6,1.07,
UN: Asia-Pacific,1.42019936e8,1.41622569e8,0.28,-0.0,0.0,1.40657972e8,1.361964e6,0.96,
EU,1.39083251e8,1.3843262e8,0.47,-0.04,0.0,1.38000993e8,1.082258e6,0.78,4.48389251e8
North America,9.6712847e7,9.6431484e7,0.29,-0.01,0.0,9.5279003e7,1.433844e6,1.48,5.87270272e8
US,8.1863725e7,8.1620383e7,0.3,-0.01,0.0,8.0866199e7,997526.0,1.22,3.31002647e8
UN: Latin America and the Caribbean,6.7971323e7,6.7860024e7,0.16,0.0,0.0,6.6278677e7,1.692646e6,2.49,6.49376323e8
South America,5.6896566e7,5.6802646e7,0.17,-0.0,0.0,5.5601209e7,1.295357e6,2.28,4.30457607e8
UN: Eastern Europe,5.3591888e7,5.354768e7,0.08,-0.0,0.0,5.2644077e7,947811.0,1.77,3.39831453e8
India,4.3105401e7,4.3091393e7,0.03,0.0,0.0,4.2581308e7,524093.0,1.22,1.380004385e9
Brazil,3.0564536e7,3.0502501e7,0.2,-0.01,0.0,2.9900162e7,664374.0,2.17,2.12559409e8
France,2.9148451e7,2.8996577e7,0.52,-0.03,0.0,2.900069e7,147761.0,0.51,6.8080736e7
France: Mainland,2.8176211e7,2.8026502e7,0.53,-0.02,0.0,2.8032687e7,143524.0,0.51,6.5273512e7
Germany,2.52993e7,2.5130137e7,0.67,-0.08,0.0,2.5162762e7,136538.0,0.54,8.3783945e7
United Kingdom,2.2292118e7,2.2267796e7,0.11,-0.03,0.0,2.2115258e7,176860.0,0.79,6.7886004e7
United Kingdom: Mainland,2.2114034e7,2.2090523e7,0.11,-0.03,0.0,2.1937822e7,176212.0,0.8,6.7886004e7
Russia,1.7961837e7,1.7940665e7,0.12,-0.0,0.0,1.7592487e7,369350.0,2.06,1.4593446e8
"Korea, South",1.7564999e7,1.7438068e7,0.73,-0.03,0.0,1.7541599e7,23400.0,0.13,5.1269183e7
Italy,1.6798998e7,1.6633911e7,0.99,-0.04,0.0,1.6634509e7,164489.0,0.98,6.0461828e7
Turkey,1.5043379e7,1.5037242e7,0.04,0.0,0.0,1.4944533e7,98846.0,0.66,8.4339067e7
Arab League,1.2462052e7,1.2455599e7,0.05,0.0,0.0,1.2296495e7,165557.0,1.33,
Spain,1.1953481e7,1.1953481e7,0.0,-0.1,0.0,1.1848813e7,104668.0,0.88,4.6754783e7
UN: Africa,1.1730848e7,1.1695711e7,0.3,0.0,0.0,1.1477731e7,253117.0,2.16,
Vietnam,1.0676184e7,1.0662446e7,0.13,-0.0,0.0,1.0633128e7,43056.0,0.4,9.7338583e7
US: California,9.288293e6,9.264611e6,0.26,-0.04,9.102359e6,95437.0,90497.0,0.97,3.9512223e7
Argentina,9.101319e6,9.083673e6,0.19,0.04,0.0,8.97259e6,128729.0,1.41,4.5195777e7
Netherlands,8.239429e6,8.235998e6,0.04,-0.0,0.0,8.216531e6,22898.0,0.28,1.7466378e7
Netherlands: Mainland,8.141774e6,8.138804e6,0.04,-0.0,8.097396e6,22087.0,22291.0,0.27,1.7134873e7
Japan,8.098119e6,7.974232e6,1.55,0.03,0.0,8.068305e6,29814.0,0.37,1.26476458e8
Iran,7.225189e6,7.223828e6,0.02,-0.0,0.0,7.084012e6,141177.0,1.95,8.3992953e7
US: Texas,6.848369e6,6.836107e6,0.18,-0.0,6.721117e6,39076.0,88176.0,1.29,2.8995881e7
Australia,6.286931e6,6.130822e6,2.55,-0.01,0.0,6.279415e6,7516.0,0.12,2.5499881e7
Colombia,6.093645e6,6.092667e6,0.02,0.0,0.0,5.953836e6,139809.0,2.29,5.0882884e7
Indonesia,6.048431e6,6.047491e6,0.02,0.0,0.0,5.89205e6,156381.0,2.59,2.73523621e8
US: Florida,6.002153e6,5.946185e6,0.94,0.0,5.868638e6,59430.0,74085.0,1.23,2.1477737e7
Poland,6.000416e6,5.997998e6,0.04,-0.0,0.0,5.884278e6,116138.0,1.94,3.7846605e7
Mexico,5.73968e6,5.73968e6,0.0,0.0,0.0,5.415346e6,324334.0,5.65,1.28932753e8
US: New York,5.229056e6,5.196774e6,0.62,-0.02,5.055133e6,105444.0,68479.0,1.31,1.9453561e7
Ukraine,5.040518e6,5.040518e6,0.0,0.0,0.0,4.928059e6,112459.0,2.23,4.3733759e7
Malaysia,4.458889e6,4.452835e6,0.14,0.01,0.0,4.423306e6,35583.0,0.8,3.2365998e7
Thailand,4.331338e6,4.290824e6,0.94,-0.01,0.0,4.302195e6,29143.0,0.67,6.9799978e7
Austria,4.181545e6,4.161004e6,0.49,-0.01,0.0,4.1633e6,18245.0,0.44,9.0064e6
Israel,4.092047e6,4.085411e6,0.16,-0.0,0.0,4.081306e6,10741.0,0.26,8.655541e6
Belgium,4.088336e6,4.071279e6,0.42,0.0,0.0,4.056784e6,31552.0,0.77,1.1589616e7
Portugal,3.935932e6,3.891241e6,1.15,-0.13,0.0,3.913512e6,22420.0,0.57,1.0196707e7
Czechia,3.912487e6,3.910386e6,0.05,-0.01,0.0,3.872267e6,40220.0,1.03,1.0708982e7
South Africa,3.841388e6,3.808368e6,0.87,0.01,0.0,3.740865e6,100523.0,2.62,5.930869e7
Canada,3.80806e6,3.787349e6,0.55,-0.02,0.0,3.768233e6,39827.0,1.05,3.7742157e7
Philippines,3.687018e6,3.686375e6,0.02,0.0,0.0,3.626579e6,60439.0,1.64,1.09581085e8
Switzerland,3.636226e6,3.636226e6,0.0,-0.09,0.0,3.6225e6,13726.0,0.38,8.654618e6
Chile,3.576139e6,3.566183e6,0.28,-0.01,0.0,3.51851e6,57629.0,1.61,1.9116209e7
Peru,3.569782e6,3.567863e6,0.05,-0.0,0.0,3.356836e6,212946.0,5.97,3.2971846e7
Greece,3.361779e6,3.343565e6,0.54,-0.01,0.0,3.332387e6,29392.0,0.87,1.0423056e7
Denmark,3.169943e6,3.16669e6,0.1,-0.0,0.0,3.163656e6,6287.0,0.2,5.792203e6
US: Illinois,3.169315e6,3.157458e6,0.38,-0.03,3.077943e6,55279.0,36093.0,1.14,1.2671821e7
Denmark: Mainland,3.123314e6,3.120061e6,0.1,-0.0,0.0,3.117076e6,6238.0,0.2,5.687681e6
Romania,2.899178e6,2.896012e6,0.11,-0.0,0.0,2.833616e6,65562.0,2.26,1.9237682e7
US: Pennsylvania,2.829027e6,2.827882e6,0.04,-0.02,2.763438e6,20856.0,44733.0,1.58,1.2801989e7
US: Ohio,2.708071e6,2.697058e6,0.41,0.0,2.649835e6,19743.0,38493.0,1.42,1.16891e7
US: North Carolina,2.673326e6,2.673326e6,0.0,0.0,2.623073e6,25676.0,24577.0,0.92,1.0488084e7
Slovakia,2.536e6,2.533654e6,0.09,0.0,0.0,2.516022e6,19978.0,0.79,5.459643e6
US: Georgia,2.521664e6,2.521664e6,0.0,0.0,2.471191e6,12504.0,37969.0,1.51,1.0617423e7
Sweden,2.50309e6,2.500917e6,0.09,0.0,2.479564e6,4702.0,18824.0,0.75,1.009927e7
US: Michigan,2.444891e6,2.444891e6,0.0,0.0,2.3754e6,33427.0,36064.0,1.48,9.986857e6
Australia: New South Wales,2.373235e6,2.33436e6,1.67,-0.03,0.0,2.370356e6,2879.0,0.12,7.544e6
Iraq,2.325614e6,2.325352e6,0.01,0.0,0.0,2.300401e6,25213.0,1.08,4.0222503e7
China,2.294261e6,2.259581e6,1.53,-0.11,0.0,2.27973e6,14531.0,0.63,1.439323774e9
US: New Jersey,2.28895e6,2.27305e6,0.7,0.01,2.21143e6,44032.0,33488.0,1.46,8.88219e6
US: Tennessee,2.031533e6,2.031533e6,0.0,0.0,2.001001e6,4324.0,26208.0,1.29,6.833174e6
US: Arizona,2.025435e6,2.025435e6,0.0,0.0,1.988985e6,6261.0,30189.0,1.49,7.278717e6
Serbia,2.009979e6,2.008143e6,0.09,-0.0,0.0,1.993951e6,16028.0,0.8,8.73737e6
Bangladesh,1.952799e6,1.952743e6,0.0,0.0,0.0,1.923672e6,29127.0,1.49,1.64689383e8
Hungary,1.9032e6,1.9032e6,0.0,0.0,0.0,1.856934e6,46266.0,2.43,9.66035e6
US: Massachusetts,1.779829e6,1.770301e6,0.54,-0.03,1.717897e6,41598.0,20334.0,1.14,6.949503e6
Germany: Nordrhein-Westfalen,1.754118e6,1.643344e6,6.74,-0.34,1.19316e6,552600.0,8358.0,0.48,1.7932651e7
US: Virginia,1.715478e6,1.710272e6,0.3,-0.02,1.670988e6,24210.0,20280.0,1.18,8.535519e6
US: Indiana,1.707085e6,1.705394e6,0.1,0.0,1.673145e6,10326.0,23614.0,1.38,6.732219e6
Jordan,1.69597e6,1.69597e6,0.0,0.0,0.0,1.681904e6,14066.0,0.83,1.020314e7
Georgia,1.655221e6,1.655221e6,0.0,0.0,0.0,1.63841e6,16811.0,1.02,3.989175e6
Australia: Victoria,1.647028e6,1.60906e6,2.36,-0.01,0.0,1.643994e6,3034.0,0.18,6.359e6
US: Wisconsin,1.623087e6,1.618023e6,0.31,-0.01,1.58698e6,21643.0,14464.0,0.89,5.822434e6
Germany: Bayern,1.53924e6,1.439618e6,6.92,-0.38,1.041993e6,488854.0,8393.0,0.55,1.3076721e7
Pakistan,1.527956e6,1.527956e6,0.0,0.0,0.0,1.497587e6,30369.0,1.99,2.20892331e8
Ireland,1.522363e6,1.520327e6,0.13,-0.03,0.0,1.515232e6,7131.0,0.47,4.937796e6
US: Washington,1.508065e6,1.508065e6,0.0,0.0,1.470615e6,24734.0,12716.0,0.84,7.614893e6
US: South Carolina,1.477345e6,1.477345e6,0.0,-0.04,1.454244e6,5252.0,17849.0,1.21,5.148714e6
US: Minnesota,1.463955e6,1.459345e6,0.32,-0.03,1.431054e6,20096.0,12805.0,0.87,5.639632e6
Norway,1.42801e6,1.427148e6,0.06,-0.0,0.0,1.425004e6,3006.0,0.21,5.421242e6
US: Missouri,1.423021e6,1.422254e6,0.05,-0.0,1.399519e6,3274.0,20228.0,1.42,6.137428e6
Kazakhstan,1.394632e6,1.394545e6,0.01,0.0,0.0,1.375618e6,19014.0,1.36,1.8776707e7
US: Colorado,1.389827e6,1.387147e6,0.19,-0.02,1.363053e6,14287.0,12487.0,0.9,5.758736e6
US: Kentucky,1.332165e6,1.330084e6,0.16,-0.0,1.309364e6,7101.0,15700.0,1.18,4.467673e6
US: Alabama,1.302397e6,1.301805e6,0.05,-0.0,1.279536e6,3260.0,19601.0,1.5,4.903185e6
Canada: Ontario,1.28979e6,1.281339e6,0.66,-0.03,1.242883e6,33892.0,13015.0,1.01,1.457e7
Singapore,1.217922e6,1.202546e6,1.28,0.01,0.0,1.21657e6,1352.0,0.11,5.850343e6
China: Hong Kong,1.206585e6,1.205396e6,0.1,-0.0,0.0,1.197239e6,9346.0,0.77,7.0712e6
US: Louisiana,1.17546e6,1.174563e6,0.08,-0.01,1.154357e6,3827.0,17276.0,1.47,4.648794e6
Germany: Baden-Württemberg,1.167563e6,1.086236e6,7.49,-0.32,797926.0,363983.5,5653.5,0.48,1.1069533e7
Morocco,1.165247e6,1.165026e6,0.02,0.0,0.0,1.149177e6,16070.0,1.38,3.6910558e7
Bulgaria,1.159301e6,1.158354e6,0.08,-0.01,0.0,1.122328e6,36973.0,3.19,6.948445e6
Croatia,1.127742e6,1.124762e6,0.26,-0.0,0.0,1.111854e6,15888.0,1.41,4.105268e6
Cuba,1.10398e6,1.103488e6,0.04,-0.0,0.0,1.095453e6,8527.0,0.77,1.1326616e7
Lebanon,1.097539e6,1.097118e6,0.04,-0.0,0.0,1.08714e6,10399.0,0.95,6.825442e6
Lithuania,1.059582e6,1.058995e6,0.06,-0.0,0.0,1.050461e6,9121.0,0.86,2.722291e6
Finland,1.052767e6,1.023013e6,2.91,0.0,0.0,1.048617e6,4150.0,0.39,5.540718e6
Canada: Quebec,1.052012e6,1.047459e6,0.43,-0.01,1.017478e6,19395.0,15139.0,1.44,8.485e6
Australia: Queensland,1.0462e6,1.023149e6,2.25,-0.06,0.0,1.045295e6,905.0,0.09,5.071e6
US: Oklahoma,1.042637e6,1.041397e6,0.12,-0.01,1.023475e6,3222.0,15940.0,1.53,3.956971e6
Tunisia,1.040712e6,1.040712e6,0.0,0.0,0.0,1.012146e6,28566.0,2.74,1.1818618e7
US: Maryland,1.039776e6,1.036338e6,0.33,-0.04,1.010434e6,14856.0,14486.0,1.39,6.04568e6
Slovenia,1.015779e6,1.012915e6,0.28,-0.0,0.0,1.009168e6,6611.0,0.65,2.078932e6
New Zealand,996417.0,969959.0,2.73,-0.04,0.0,995605.0,812.0,0.08,4.822233e6
Belarus,982331.0,981070.0,0.13,-0.0,0.0,975362.0,6969.0,0.71,9.449321e6
Nepal,978942.0,978884.0,0.01,-0.0,0.0,966990.0,11952.0,1.22,2.9136808e7
US: Utah,935479.0,932253.0,0.35,0.0,925798.0,4921.0,4760.0,0.51,3.205958e6
Mongolia,920781.0,920781.0,0.0,0.0,0.0,918602.0,2179.0,0.24,3.278292e6
Bolivia,905453.0,905150.0,0.03,0.0,0.0,883528.0,21925.0,2.42,1.1673029e7
United Arab Emirates,900251.0,899441.0,0.09,0.0,0.0,897949.0,2302.0,0.26,9.8904e6
Uruguay,899723.0,899723.0,0.0,-0.04,0.0,892513.0,7210.0,0.8,3.473727e6
Ecuador,870526.0,869956.0,0.07,0.0,0.0,834928.0,35598.0,4.09,1.764306e7
China: Unknown,867554.0,835532.0,3.83,-0.29,0.0,867554.0,0.0,0.0,
Costa Rica,857290.0,857290.0,0.0,0.0,0.0,848869.0,8421.0,0.98,5.094114e6
Guatemala,849495.0,847491.0,0.24,-0.0,0.0,831796.0,17699.0,2.08,1.7915567e7
US: Arkansas,837154.0,836343.0,0.1,-0.0,823587.0,2159.0,11408.0,1.36,3.017825e6
Latvia,824046.0,823110.0,0.11,-0.01,0.0,818257.0,5789.0,0.7,1.886202e6
US: Mississippi,798721.0,798283.0,0.05,-0.0,784386.0,1881.0,12454.0,1.56,2.976149e6
Azerbaijan,792630.0,792585.0,0.01,0.0,0.0,782921.0,9709.0,1.22,1.0139175e7
Panama,788471.0,780148.0,1.07,0.02,0.0,780278.0,8193.0,1.04,4.314768e6
US: Kansas,778729.0,776735.0,0.26,-0.01,765370.0,4668.0,8691.0,1.12,2.913314e6
US: Iowa,766593.0,765186.0,0.18,-0.02,752503.0,4557.0,9533.0,1.24,3.15507e6
US: Connecticut,766172.0,763149.0,0.4,-0.05,740936.0,14362.0,10874.0,1.42,3.565287e6
Saudi Arabia,755415.0,754464.0,0.13,0.01,0.0,746312.0,9103.0,1.21,3.4813867e7
US: Oregon,729412.0,726612.0,0.39,-0.05,706818.0,15066.0,7528.0,1.03,4.217737e6
US: Nevada,714715.0,714715.0,0.0,0.0,699570.0,4365.0,10780.0,1.51,3.080156e6
Sri Lanka,663561.0,663469.0,0.01,0.0,0.0,647052.0,16509.0,2.49,2.141325e7
West Bank and Gaza,657060.0,657060.0,0.0,0.0,0.0,651403.0,5657.0,0.86,4.569e6
Paraguay,649718.0,649455.0,0.04,0.0,0.0,630846.0,18872.0,2.9,7.13253e6
Kuwait,631898.0,631409.0,0.08,0.01,0.0,629343.0,2555.0,0.4,4.270563e6
Germany: Hessen,628265.0,593237.0,5.9,-0.4,422333.0,202581.0,3351.0,0.53,7.982448e6
Burma,613053.0,612951.0,0.02,-0.0,0.0,593619.0,19434.0,3.17,5.4409794e7
Dominican Republic,579743.0,579572.0,0.03,0.0,0.0,575367.0,4376.0,0.75,1.0847904e7
Germany: Niedersachsen,577996.5,542333.5,6.58,-0.49,381088.0,194139.5,2769.0,0.48,7.982448e6
Bahrain,572810.0,570103.0,0.47,0.01,0.0,571333.0,1477.0,0.26,1.701583e6
Estonia,572434.0,572434.0,0.0,-0.01,0.0,569886.0,2548.0,0.45,1.326539e6
Canada: Alberta,570806.0,570806.0,0.0,0.0,554162.0,12323.0,4321.0,0.76,4.371e6
US: Puerto Rico,568484.0,550666.0,3.24,-0.03,512814.0,51438.0,4232.0,0.74,3.193694e6
US: New Mexico,523940.0,523268.0,0.13,-0.01,513462.0,2922.0,7556.0,1.44,2.096829e6
Venezuela,522749.0,522564.0,0.04,-0.0,0.0,517040.0,5709.0,1.09,2.8435943e7
Moldova,517753.0,516986.0,0.15,0.0,0.0,506250.0,11503.0,2.22,4.033963e6
Egypt,515645.0,515645.0,0.0,0.0,0.0,491004.0,24641.0,4.78,1.02334403e8
US: West Virginia,502930.0,502192.0,0.15,-0.01,492916.0,3134.0,6880.0,1.37,1.792147e6
Libya,501916.0,501916.0,0.0,0.0,0.0,495486.0,6430.0,1.28,6.871287e6
Germany: Sachsen,493845.0,475988.0,3.75,-0.31,395506.0,94896.5,3442.5,0.7,4.077937e6
Cyprus,483664.0,480220.0,0.72,0.0,0.0,482632.0,1032.0,0.21,1.207361e6
US: Nebraska,480805.0,480586.0,0.05,-0.01,474965.0,1624.0,4216.0,0.88,1.934408e6
Ethiopia,470740.0,470647.0,0.02,-0.0,0.0,463230.0,7510.0,1.6,1.14963583e8
Australia: Western Australia,461553.0,425704.0,8.42,0.03,0.0,461389.0,164.0,0.04,2.589e6
US: Idaho,446856.0,446549.0,0.07,0.0,440617.0,1311.0,4928.0,1.1,1.787065e6
Australia: South Australia,436318.0,424182.0,2.86,0.28,0.0,435943.0,375.0,0.09,1.677e6
Honduras,423775.0,423775.0,0.0,0.14,0.0,412880.0,10895.0,2.57,9.904608e6
Armenia,422877.0,422877.0,0.0,0.0,0.0,414255.0,8622.0,2.04,2.963234e6
Germany: Berlin,419722.5,409496.5,2.5,-0.34,312834.0,105454.5,1434.0,0.34,3.644826e6
France: Reunion,398115.0,398115.0,0.0,-0.55,0.0,397359.0,756.0,0.19,859959.0
Oman,389273.0,389126.0,0.04,0.01,0.0,385014.0,4259.0,1.09,5.106622e6
Bosnia and Herzegovina,377276.0,377175.0,0.03,-0.0,0.0,361508.0,15768.0,4.18,3.280815e6
US: Rhode Island,375897.0,374181.0,0.46,-0.03,364702.0,7651.0,3544.0,0.94,1.059361e6
Canada: British Columbia,365577.0,363302.0,0.63,0.0,357808.0,4543.0,3226.0,0.88,5.071e6
Qatar,365191.0,364826.0,0.1,0.0,0.0,364514.0,677.0,0.19,2.88106e6
Kenya,323881.0,323806.0,0.02,0.0,0.0,318232.0,5649.0,1.74,5.37713e7
Germany: Rheinland-Pfalz,321444.0,305755.0,5.13,-0.31,223965.0,95702.0,1777.0,0.55,4.084844e6
Zambia,320099.0,319755.0,0.11,0.0,0.0,316117.0,3982.0,1.24,1.8383956e7
US: New Hampshire,313288.0,312161.0,0.36,-0.03,305041.0,5760.0,2487.0,0.79,1.359711e6
North Macedonia,310140.0,309925.0,0.07,-0.0,0.0,300856.0,9284.0,2.99,2.08338e6
Botswana,306200.0,306200.0,0.0,0.0,0.0,303510.0,2690.0,0.88,2.351625e6
Germany: Brandenburg,284124.5,267288.5,6.3,-0.33,192955.0,89345.0,1824.5,0.64,2.511917e6
Albania,275366.0,275211.0,0.06,0.0,0.0,271869.0,3497.0,1.27,2.8778e6
US: Montana,274598.0,274388.0,0.08,-0.01,270111.0,1109.0,3378.0,1.23,1.068778e6
Taiwan*,268569.0,202418.0,32.68,-4.05,0.0,267673.0,896.0,0.33,2.3816775e7
Algeria,265798.0,265782.0,0.01,0.0,0.0,258923.0,6875.0,2.59,4.3851043e7
US: Delaware,264376.0,263479.0,0.34,-0.01,258471.0,2977.0,2928.0,1.11,973764.0
Nigeria,255766.0,255766.0,0.0,-0.0,0.0,252623.0,3143.0,1.23,2.06139587e8
US: Alaska,254466.0,254466.0,0.0,0.0,250253.0,2960.0,1253.0,0.49,731545.0
US: Hawaii,252654.0,252654.0,0.0,0.0,243607.0,7619.0,1428.0,0.57,1.415872e6
US: Maine,250689.0,248099.0,1.04,-0.1,239708.0,8656.0,2325.0,0.93,1.344212e6
Zimbabwe,248352.0,248050.0,0.12,0.01,0.0,242876.0,5476.0,2.2,1.4862927e7
US: North Dakota,241739.0,241385.0,0.15,-0.01,238520.0,951.0,2268.0,0.94,762062.0
Luxembourg,241160.0,240132.0,0.43,-0.03,0.0,240092.0,1068.0,0.44,625976.0
Uzbekistan,238695.0,238636.0,0.02,-0.0,0.0,237058.0,1637.0,0.69,3.3469199e7
US: South Dakota,238185.0,238185.0,0.0,0.0,234620.0,650.0,2915.0,1.22,884659.0
Montenegro,235795.0,235484.0,0.13,0.0,0.0,233078.0,2717.0,1.15,628062.0
Kosovo,228144.0,228101.0,0.02,0.0,0.0,225006.0,3138.0,1.38,1.845e6
Mozambique,225426.0,225400.0,0.01,0.0,0.0,223225.0,2201.0,0.98,3.1255435e7
Mauritius,222848.0,222848.0,0.0,0.0,0.0,221852.0,996.0,0.45,1.271767e6
Germany: Sachsen-Anhalt,215176.0,200204.0,7.48,-0.44,148182.0,65375.5,1618.5,0.75,2.208321e6
Germany: Thüringen,213725.5,205243.5,4.13,-0.27,173336.0,38253.5,2136.0,1.0,2.143145e6
Laos,208535.0,208111.0,0.2,-0.01,0.0,207786.0,749.0,0.36,7.275556e6
Germany: Hamburg,205425.0,200009.0,2.71,-0.45,151136.0,53510.0,779.0,0.38,1.841179e6
Kyrgyzstan,200993.0,200993.0,0.0,0.0,0.0,198002.0,2991.0,1.49,6.524191e6
Iceland,185961.0,185795.0,0.09,-0.02,0.0,185842.0,119.0,0.06,341250.0
Maldives,179414.0,179171.0,0.14,0.0,0.0,179116.0,298.0,0.17,540542.0
Afghanistan,178981.0,178901.0,0.04,0.01,0.0,171297.0,7684.0,4.29,3.8928341e7
Germany: Schleswig-Holstein,175464.5,166786.5,5.2,-0.22,126248.0,48375.0,841.5,0.48,2.896712e6
Uganda,164118.0,164104.0,0.01,0.0,0.0,160520.0,3598.0,2.19,4.5741e7
El Salvador,162089.0,162089.0,0.0,0.0,0.0,157961.0,4128.0,2.55,6.486201e6
Ghana,161222.0,161216.0,0.0,-0.0,0.0,159777.0,1445.0,0.9,3.1072945e7
Namibia,159219.0,158940.0,0.18,0.0,0.0,155192.0,4027.0,2.53,2.540916e6
US: Wyoming,156745.0,156745.0,0.0,-0.02,154578.0,353.0,1814.0,1.16,578759.0
France: Martinique,153994.0,151972.0,1.33,0.0,0.0,153076.0,918.0,0.6,376480.0
Trinidad and Tobago,151592.0,149532.0,1.38,0.0,0.0,147740.0,3852.0,2.54,1.399491e6
France: Guadeloupe,149955.0,149955.0,0.0,-0.31,0.0,149011.0,944.0,0.63,395700.0
Australia: Tasmania,144107.0,140554.0,2.53,-0.03,0.0,144048.0,59.0,0.04,515000.0
Brunei,142858.0,142166.0,0.49,0.02,0.0,142640.0,218.0,0.15,437483.0
Canada: Manitoba,141973.0,140931.0,0.74,0.0,137646.0,2508.0,1819.0,1.28,1.369e6
US: District of Columbia,141943.0,141943.0,0.0,0.0,140015.0,588.0,1340.0,0.94,705749.0
Canada: Saskatchewan,136792.0,136026.0,0.56,0.0,133874.0,1595.0,1323.0,0.97,1.174e6
Cambodia,136262.0,136258.0,0.0,-0.0,0.0,133206.0,3056.0,2.24,1.6718971e7
Jamaica,131161.0,130473.0,0.53,0.04,0.0,128184.0,2977.0,2.27,2.961161e6
Rwanda,129849.0,129839.0,0.01,0.0,0.0,128390.0,1459.0,1.12,1.2952209e7
Germany: Mecklenburg-Vorpommern,126723.0,117739.0,7.63,-0.49,82074.0,44018.5,630.5,0.5,1.609675e6
US: Vermont,126099.0,125347.0,0.6,-0.05,120892.0,4565.0,642.0,0.51,623989.0
Cameroon,119780.0,119780.0,0.0,0.0,0.0,117853.0,1927.0,1.61,2.6545864e7
Australia: Australian Capital Territory,112407.0,108830.0,3.29,-0.05,0.0,112352.0,55.0,0.05,418440.0
Angola,99287.0,99287.0,0.0,0.0,0.0,97387.0,1900.0,1.91,3.2866268e7
Malta,92848.0,92308.0,0.58,-0.01,0.0,92139.0,709.0,0.76,441539.0
Germany: Saarland,90137.5,83686.5,7.71,-0.46,60150.0,29417.5,570.0,0.63,990509.0
Canada: Nova Scotia,89262.0,85847.0,3.98,0.0,80075.0,8851.0,336.0,0.38,971395.0
Congo (Kinshasa),87023.0,87023.0,0.0,0.0,0.0,85686.0,1337.0,1.54,8.9561404e7
Senegal,86012.0,86010.0,0.0,-0.0,0.0,84046.0,1966.0,2.29,1.674393e7
Malawi,85811.0,85795.0,0.02,0.0,0.0,83177.0,2634.0,3.07,1.9129955e7
Cote d'Ivoire,81974.0,81967.0,0.01,0.0,0.0,81175.0,799.0,0.97,2.6378275e7
France: French Guiana,80859.0,80859.0,0.0,0.0,0.0,80464.0,395.0,0.49,290691.0
Suriname,79393.0,79393.0,0.0,-0.01,0.0,78065.0,1328.0,1.67,586634.0
Barbados,73592.0,71127.0,3.47,0.02,0.0,73186.0,406.0,0.55,287371.0
France: French Polynesia,72776.0,72765.0,0.02,0.0,0.0,72128.0,648.0,0.89,277679.0
Eswatini,71102.0,70833.0,0.38,-0.01,0.0,69702.0,1400.0,1.97,1.160164e6
China: Hubei,68398.0,68398.0,0.0,0.0,0.0,63886.0,4512.0,6.6,5.723774e7
Germany: Bremen,67451.5,64393.5,4.75,-0.2,50310.0,16847.0,294.5,0.44,682986.0
Australia: Northern Territory,66083.0,64983.0,1.69,-0.06,0.0,66038.0,45.0,0.07,244300.0
Fiji,64699.0,64646.0,0.08,0.0,0.0,63837.0,862.0,1.33,896444.0
Madagascar,64236.0,64181.0,0.09,0.02,0.0,62843.0,1393.0,2.17,2.7691019e7
Guyana,63583.0,63518.0,0.1,0.0,0.0,62355.0,1228.0,1.93,786559.0
Canada: New Brunswick,62148.0,62148.0,0.0,0.0,58369.0,3380.0,399.0,0.64,776827.0
Sudan,62135.0,62135.0,0.0,0.0,0.0,57202.0,4933.0,7.94,4.3849269e7
China: Shanghai,60909.0,59870.0,1.74,0.02,0.0,60355.0,554.0,0.91,2.3019148e7
France: New Caledonia,60885.0,60885.0,0.0,-0.03,0.0,60573.0,312.0,0.51,284060.0
Bhutan,59497.0,59358.0,0.23,-0.0,0.0,59476.0,21.0,0.04,771612.0
Mauritania,58743.0,58699.0,0.07,0.0,0.0,57761.0,982.0,1.67,4.64966e6
Belize,57612.0,57561.0,0.09,-0.01,0.0,56936.0,676.0,1.17,397621.0
Cabo Verde,56065.0,56036.0,0.05,0.0,0.0,55664.0,401.0,0.72,555988.0
Syria,55853.0,55833.0,0.04,0.0,0.0,52703.0,3150.0,5.64,1.7500657e7
United Kingdom: Jersey,50033.0,49810.0,0.45,0.0,49195.0,711.0,127.0,0.25,
US: Guam,48323.0,48282.0,0.08,-0.05,47589.0,379.0,355.0,0.73,165718.0
Gabon,47602.0,47602.0,0.0,0.0,0.0,47298.0,304.0,0.64,2.225728e6
Canada: Newfoundland and Labrador,44529.0,44345.0,0.41,-0.09,42961.0,1400.0,168.0,0.38,521542.0
Papua New Guinea,43827.0,43823.0,0.01,0.0,0.0,43176.0,651.0,1.49,8.947027e6
Seychelles,42841.0,42690.0,0.35,0.0,0.0,42675.0,166.0,0.39,98340.0
Netherlands: Curacao,42567.0,42330.0,0.56,0.0,0.0,42292.0,275.0,0.65,159849.0
Andorra,41717.0,41717.0,0.0,0.0,0.0,41564.0,153.0,0.37,77265.0
Burundi,40736.0,40675.0,0.15,-0.08,0.0,40698.0,38.0,0.09,1.1890781e7
China: Jilin,40257.0,40249.0,0.02,-0.0,0.0,40252.0,5.0,0.01,2.7462297e7
France: Mayotte,37363.0,37363.0,0.0,0.0,0.0,37176.0,187.0,0.5,270372.0
Togo,37002.0,36995.0,0.02,0.0,0.0,36729.0,273.0,0.74,8.278737e6
Guinea,36549.0,36549.0,0.0,0.0,0.0,36107.0,442.0,1.21,1.3132792e7
Canada: Prince Edward Island,35433.0,35433.0,0.0,-0.66,32506.0,2901.0,26.0,0.07,156947.0
Netherlands: Aruba,35189.0,34965.0,0.64,0.0,0.0,34977.0,212.0,0.6,105845.0
Denmark: Faroe Islands,34658.0,34658.0,0.0,0.0,0.0,34630.0,28.0,0.08,48497.0
Tanzania,33872.0,33872.0,0.0,0.0,0.0,33069.0,803.0,2.37,5.9734213e7
Bahamas,33695.0,33626.0,0.21,-0.01,0.0,32897.0,798.0,2.37,393248.0
Lesotho,33151.0,33134.0,0.05,0.0,0.0,32454.0,697.0,2.1,
United Kingdom: Isle of Man,32424.0,32424.0,0.0,0.0,0.0,32320.0,104.0,0.32,84077.0
Mali,30937.0,30874.0,0.2,0.0,0.0,30204.0,733.0,2.37,2.0250834e7
Haiti,30703.0,30703.0,0.0,0.0,0.0,29868.0,835.0,2.72,1.1402533e7
Benin,26952.0,26952.0,0.0,0.0,0.0,26789.0,163.0,0.6,1.2123198e7
Somalia,26485.0,26485.0,0.0,0.0,0.0,25124.0,1361.0,5.14,1.5893219e7
United Kingdom: Guernsey,24832.0,24832.0,0.0,0.0,24156.0,631.0,45.0,0.18,
Congo (Brazzaville),24079.0,24079.0,0.0,0.0,0.0,23694.0,385.0,1.6,5.518092e6
Saint Lucia,23723.0,23538.0,0.79,0.06,0.0,23355.0,368.0,1.55,183629.0
Timor-Leste,22885.0,22879.0,0.03,-0.0,0.0,22755.0,130.0,0.57,1.318442e6
United Kingdom: Cayman Islands,22828.0,22828.0,0.0,0.0,0.0,22801.0,27.0,0.12,64174.0
Burkina Faso,20865.0,20865.0,0.0,0.0,0.0,20482.0,383.0,1.84,2.0903278e7
Nicaragua,18491.0,18491.0,0.0,0.0,0.0,18256.0,235.0,1.27,6.624554e6
United Kingdom: Gibraltar,17996.0,17837.0,0.89,0.0,0.0,17894.0,102.0,0.57,33718.0
Tajikistan,17786.0,17786.0,0.0,0.0,0.0,17661.0,125.0,0.7,
South Sudan,17492.0,17490.0,0.01,-0.0,0.0,17354.0,138.0,0.79,1.1193729e7
Liechtenstein,17280.0,17225.0,0.32,0.0,0.0,17196.0,84.0,0.49,38137.0
US: Virgin Islands,17167.0,16918.0,1.47,0.0,15978.0,1076.0,113.0,0.66,106405.0
San Marino,16624.0,16561.0,0.38,-0.06,0.0,16509.0,115.0,0.69,33938.0
Solomon Islands,16441.0,15881.0,3.53,0.0,0.0,16297.0,144.0,0.88,
Equatorial Guinea,15910.0,15908.0,0.01,-0.0,0.0,15727.0,183.0,1.15,1.402985e6
Djibouti,15631.0,15631.0,0.0,0.0,0.0,15442.0,189.0,1.21,988002.0
Grenada,15483.0,14984.0,3.33,0.0,0.0,15263.0,220.0,1.42,112519.0
Central African Republic,14649.0,14649.0,0.0,0.0,0.0,14536.0,113.0,0.77,4.829764e6
United Kingdom: Bermuda,13832.0,13832.0,0.0,0.0,0.0,13698.0,134.0,0.97,63968.0
Dominica,12493.0,12161.0,2.73,0.18,0.0,12430.0,63.0,0.5,71991.0
Gambia,11995.0,11995.0,0.0,0.0,0.0,11630.0,365.0,3.04,2.416664e6
Denmark: Greenland,11971.0,11971.0,0.0,0.0,0.0,11950.0,21.0,0.18,56025.0
Monaco,11925.0,11869.0,0.47,-0.04,0.0,11868.0,57.0,0.48,39244.0
Canada: Northwest Territories,11919.0,11919.0,0.0,0.0,11741.0,156.0,22.0,0.18,44826.0
Yemen,11819.0,11819.0,0.0,0.0,0.0,9670.0,2149.0,18.18,2.9825968e7
US: Northern Mariana Islands,11281.0,11281.0,0.0,0.0,11187.0,60.0,34.0,0.3,55194.0
Tonga,10765.0,10494.0,2.58,-0.08,9542.0,1212.0,11.0,0.1,
Samoa,10659.0,10210.0,4.4,-0.33,0.0,10639.0,20.0,0.19,
France: St Martin,10537.0,10462.0,0.72,0.0,0.0,10474.0,63.0,0.6,37264.0
Netherlands: Sint Maarten,10065.0,10065.0,0.0,0.0,0.0,9979.0,86.0,0.85,40654.0
"Netherlands: Bonaire, Sint Eustatius and Saba",9834.0,9834.0,0.0,-0.11,0.0,9800.0,34.0,0.35,25157.0
Eritrea,9737.0,9735.0,0.02,0.0,0.0,9634.0,103.0,1.06,3.546427e6
Niger,8957.0,8957.0,0.0,-0.02,0.0,8648.0,309.0,3.45,2.4206636e7
Saint Vincent and the Grenadines,8439.0,8425.0,0.17,-0.01,0.0,8333.0,106.0,1.26,110947.0
Guinea-Bissau,8213.0,8210.0,0.04,0.0,0.0,8042.0,171.0,2.08,1.967998e6
Comoros,8107.0,8107.0,0.0,-0.0,0.0,7947.0,160.0,1.97,
Vanuatu,7785.0,7622.0,2.14,0.08,0.0,7771.0,14.0,0.18,
Sierra Leone,7682.0,7681.0,0.01,0.0,0.0,7557.0,125.0,1.63,7.976985e6
Antigua and Barbuda,7663.0,7654.0,0.12,0.0,0.0,7526.0,137.0,1.79,97928.0
Liberia,7434.0,7434.0,0.0,0.0,0.0,7140.0,294.0,3.95,5.057677e6
Chad,7412.0,7412.0,0.0,0.0,0.0,7219.0,193.0,2.6,1.6425859e7
China: Guangdong,7201.0,7119.0,1.15,0.06,0.0,7193.0,8.0,0.11,1.1346e8
United Kingdom: British Virgin Islands,6467.0,6355.0,1.76,0.0,0.0,6405.0,62.0,0.96,29802.0
United Kingdom: Turks and Caicos Islands,5995.0,5995.0,0.0,-0.11,0.0,5959.0,36.0,0.6,37665.0
Sao Tome and Principe,5964.0,5964.0,0.0,0.0,0.0,5891.0,73.0,1.22,219161.0
US: American Samoa,5923.0,5873.0,0.85,-0.05,5680.0,215.0,28.0,0.47,55641.0
Saint Kitts and Nevis,5587.0,5570.0,0.31,0.0,0.0,5544.0,43.0,0.77,53192.0
New Zealand: Cook Islands,5267.0,5229.0,0.73,-0.32,4726.0,540.0,1.0,0.02,
Palau,4732.0,4690.0,0.9,-0.34,4390.0,336.0,6.0,0.13,
France: Saint Barthelemy,4575.0,4544.0,0.68,0.0,0.0,4569.0,6.0,0.13,9131.0
Canada: Yukon,4262.0,4237.0,0.59,-0.04,4091.0,146.0,25.0,0.59,35874.0
Canada: Nunavut,3531.0,3531.0,0.0,0.0,3524.0,0.0,7.0,0.2,
China: Shaanxi,3277.0,3277.0,0.0,0.0,0.0,3274.0,3.0,0.09,3.7327378e7
China: Zhejiang,3128.0,3124.0,0.13,-0.01,0.0,3127.0,1.0,0.03,5.4426891e7
Kiribati,3093.0,3089.0,0.13,0.03,3063.0,17.0,13.0,0.42,
China: Fujian,3062.0,3037.0,0.82,0.0,0.0,3061.0,1.0,0.03,3.6894216e7
China: Henan,3027.0,2935.0,3.13,0.01,0.0,3005.0,22.0,0.73,9.559e7
China: Heilongjiang,2983.0,2977.0,0.2,-0.05,0.0,2970.0,13.0,0.44,3.8312224e7
United Kingdom: Anguilla,2788.0,2788.0,0.0,0.0,0.0,2779.0,9.0,0.32,15094.0
China: Shandong,2733.0,2731.0,0.07,-0.03,0.0,2726.0,7.0,0.26,9.5793065e7
France: Saint Pierre and Miquelon,2727.0,2701.0,0.96,0.0,0.0,2726.0,1.0,0.04,5888.0
China: Beijing,2510.0,2332.0,7.63,-0.12,0.0,2501.0,9.0,0.36,1.9612368e7
China: Jiangsu,2214.0,2212.0,0.09,-0.03,0.0,2214.0,0.0,0.0,7.8659903e7
China: Yunnan,2120.0,2120.0,0.0,0.0,0.0,2118.0,2.0,0.09,4.5966239e7
China: Sichuan,2067.0,2065.0,0.1,-0.01,0.0,2064.0,3.0,0.15,8.04182e7
China: Hebei,2003.0,1998.0,0.25,0.0,0.0,1996.0,7.0,0.35,7.47e7
China: Tianjin,1804.0,1804.0,0.0,0.0,0.0,1801.0,3.0,0.17,1.2938224e7
China: Inner Mongolia,1753.0,1752.0,0.06,0.0,0.0,1752.0,1.0,0.06,2.4706321e7
China: Liaoning,1656.0,1653.0,0.18,0.0,0.0,1654.0,2.0,0.12,4.3746323e7
China: Guangxi,1594.0,1592.0,0.13,0.01,0.0,1592.0,2.0,0.13,4.6026629e7
China: Hunan,1392.0,1387.0,0.36,0.01,0.0,1388.0,4.0,0.29,9.1713e6
China: Jiangxi,1383.0,1381.0,0.14,-0.03,0.0,1382.0,1.0,0.07,4.4567475e7
China: Anhui,1065.0,1065.0,0.0,0.0,0.0,1059.0,6.0,0.56,5.950051e7
China: Xinjiang,1008.0,1008.0,0.0,-0.02,0.0,1005.0,3.0,0.3,2.1813334e7
Summer Olympics 2020,865.0,865.0,0.0,0.0,865.0,0.0,0.0,0.0,
Diamond Princess,712.0,712.0,0.0,0.0,0.0,699.0,13.0,1.83,2000.0
China: Chongqing,703.0,699.0,0.57,0.0,0.0,697.0,6.0,0.85,2.884617e7
China: Gansu,681.0,681.0,0.0,0.0,0.0,679.0,2.0,0.29,2.5575254e7
Winter Olympics 2022,535.0,535.0,0.0,0.0,535.0,0.0,0.0,0.0,
United Kingdom: Montserrat,493.0,371.0,32.88,0.0,0.0,491.0,2.0,0.41,5900.0
France: Wallis and Futuna,454.0,454.0,0.0,0.0,0.0,447.0,7.0,1.54,
China: Shanxi,420.0,420.0,0.0,0.0,0.0,420.0,0.0,0.0,3.5712111e7
United Kingdom: Falkland Islands (Malvinas),392.0,197.0,98.98,0.0,0.0,392.0,0.0,0.0,2840.0
China: Hainan,288.0,288.0,0.0,0.0,0.0,282.0,6.0,2.08,9.258e6
China: Guizhou,180.0,179.0,0.56,0.0,0.0,178.0,2.0,1.11,3.4746468e7
China: Ningxia,122.0,122.0,0.0,0.0,0.0,122.0,0.0,0.0,6.30135e6
US: Grand Princess,103.0,103.0,0.0,0.0,100.0,0.0,3.0,2.91,2000.0
China: Qinghai,101.0,95.0,6.32,0.42,0.0,101.0,0.0,0.0,5.626722e6
China: Macau,82.0,82.0,0.0,0.0,0.0,82.0,0.0,0.0,552300.0
US: Diamond Princess,49.0,49.0,0.0,0.0,49.0,0.0,0.0,0.0,2000.0
Holy See,29.0,29.0,0.0,0.0,0.0,29.0,0.0,0.0,809.0
Marshall Islands,17.0,17.0,0.0,0.0,0.0,17.0,0.0,0.0,
Canada: Grand Princess,13.0,13.0,0.0,0.0,13.0,0.0,0.0,0.0,2000.0
Canada: Repatriated Travellers,13.0,13.0,0.0,0.0,13.0,0.0,0.0,0.0,
Antarctica,11.0,11.0,0.0,0.0,11.0,0.0,0.0,0.0,
MS Zaandam,9.0,9.0,0.0,0.0,0.0,7.0,2.0,22.22,1400.0
Micronesia,7.0,7.0,0.0,0.0,0.0,7.0,0.0,0.0,
"United Kingdom: Saint Helena, Ascension and Tristan da Cunha",4.0,4.0,0.0,0.0,0.0,4.0,0.0,0.0,
China: Tibet,1.0,1.0,0.0,0.0,0.0,1.0,0.0,0.0,3.002166e6
Canada: Diamond Princess,0.0,0.0,NaN,0.0,-1.0,0.0,1.0,Inf,2000.0
United Kingdom: Channel Islands,0.0,0.0,NaN,0.0,0.0,0.0,0.0,NaN,170499.0
